date,SOFR,EFFR,IORB,sofr_minus_iorb,sofr_minus_effr
2019-01-02,3.15,2.4,,,0.75
2019-01-03,2.7,2.4,,,0.30000000000000027
2019-01-04,2.45,2.4,,,0.050000000000000266
2019-01-07,2.41,2.4,,,0.010000000000000231
2019-01-08,2.42,2.4,,,0.020000000000000018
2019-01-09,2.45,2.4,,,0.050000000000000266
2019-01-10,2.43,2.4,,,0.03000000000000025
2019-01-11,2.41,2.4,,,0.010000000000000231
2019-01-14,2.4,2.4,,,0.0
2019-01-15,2.46,2.4,,,0.06000000000000005
2019-01-16,2.43,2.4,,,0.03000000000000025
2019-01-17,2.41,2.4,,,0.010000000000000231
2019-01-18,2.42,2.4,,,0.020000000000000018
2019-01-21,2.42,2.4,,,0.020000000000000018
2019-01-22,2.41,2.4,,,0.010000000000000231
2019-01-23,2.4,2.4,,,0.0
2019-01-24,2.41,2.4,,,0.010000000000000231
2019-01-25,2.4,2.4,,,0.0
2019-01-28,2.39,2.4,,,-0.009999999999999787
2019-01-29,2.4,2.4,,,0.0
2019-01-30,2.39,2.4,,,-0.009999999999999787
2019-01-31,2.58,2.4,,,0.18000000000000016
2019-02-01,2.47,2.4,,,0.07000000000000028
2019-02-04,2.4,2.4,,,0.0
2019-02-05,2.4,2.4,,,0.0
2019-02-06,2.38,2.4,,,-0.020000000000000018
2019-02-07,2.38,2.4,,,-0.020000000000000018
2019-02-08,2.37,2.4,,,-0.029999999999999805
2019-02-11,2.4,2.4,,,0.0
2019-02-12,2.39,2.4,,,-0.009999999999999787
2019-02-13,2.38,2.4,,,-0.020000000000000018
2019-02-14,2.39,2.4,,,-0.009999999999999787
2019-02-15,2.43,2.4,,,0.03000000000000025
2019-02-18,2.43,2.4,,,0.03000000000000025
2019-02-19,2.4,2.4,,,0.0
2019-02-20,2.39,2.4,,,-0.009999999999999787
2019-02-21,2.39,2.4,,,-0.009999999999999787
2019-02-22,2.4,2.4,,,0.0
2019-02-25,2.38,2.4,,,-0.020000000000000018
2019-02-26,2.38,2.4,,,-0.020000000000000018
2019-02-27,2.37,2.4,,,-0.029999999999999805
2019-02-28,2.58,2.4,,,0.18000000000000016
2019-03-01,2.38,2.4,,,-0.020000000000000018
2019-03-04,2.38,2.4,,,-0.020000000000000018
2019-03-05,2.38,2.4,,,-0.020000000000000018
2019-03-06,2.38,2.4,,,-0.020000000000000018
2019-03-07,2.38,2.4,,,-0.020000000000000018
2019-03-08,2.39,2.4,,,-0.009999999999999787
2019-03-11,2.38,2.4,,,-0.020000000000000018
2019-03-12,2.39,2.4,,,-0.009999999999999787
2019-03-13,2.4,2.4,,,0.0
2019-03-14,2.42,2.4,,,0.020000000000000018
2019-03-15,2.46,2.4,,,0.06000000000000005
2019-03-18,2.41,2.4,,,0.010000000000000231
2019-03-19,2.42,2.4,,,0.020000000000000018
2019-03-20,2.47,2.41,,,0.06000000000000005
2019-03-21,2.44,2.41,,,0.029999999999999805
2019-03-22,2.4,2.41,,,-0.010000000000000231
2019-03-25,2.4,2.4,,,0.0
2019-03-26,2.4,2.4,,,0.0
2019-03-27,2.4,2.41,,,-0.010000000000000231
2019-03-28,2.43,2.41,,,0.020000000000000018
2019-03-29,2.65,2.43,,,0.21999999999999975
2019-04-01,2.46,2.41,,,0.04999999999999982
2019-04-02,2.46,2.41,,,0.04999999999999982
2019-04-03,2.47,2.41,,,0.06000000000000005
2019-04-04,2.46,2.41,,,0.04999999999999982
2019-04-05,2.46,2.41,,,0.04999999999999982
2019-04-08,2.46,2.41,,,0.04999999999999982
2019-04-09,2.45,2.41,,,0.040000000000000036
2019-04-10,2.45,2.41,,,0.040000000000000036
2019-04-11,2.44,2.41,,,0.029999999999999805
2019-04-12,2.44,2.41,,,0.029999999999999805
2019-04-15,2.47,2.41,,,0.06000000000000005
2019-04-16,2.47,2.41,,,0.06000000000000005
2019-04-17,2.5,2.42,,,0.08000000000000007
2019-04-18,2.5,2.43,,,0.06999999999999984
2019-04-19,2.5,2.44,,,0.06999999999999984
2019-04-22,2.46,2.44,,,0.020000000000000018
2019-04-23,2.46,2.44,,,0.020000000000000018
2019-04-24,2.44,2.44,,,0.0
2019-04-25,2.45,2.44,,,0.010000000000000231
2019-04-26,2.46,2.44,,,0.020000000000000018
2019-04-29,2.48,2.45,,,0.029999999999999805
2019-04-30,2.76,2.45,,,0.3099999999999996
2019-05-01,2.54,2.45,,,0.08999999999999986
2019-05-02,2.5,2.41,,,0.08999999999999986
2019-05-03,2.43,2.4,,,0.03000000000000025
2019-05-06,2.42,2.4,,,0.020000000000000018
2019-05-07,2.44,2.4,,,0.040000000000000036
2019-05-08,2.43,2.39,,,0.040000000000000036
2019-05-09,2.41,2.38,,,0.03000000000000025
2019-05-10,2.4,2.38,,,0.020000000000000018
2019-05-13,2.38,2.38,,,0.0
2019-05-14,2.39,2.38,,,0.010000000000000231
2019-05-15,2.48,2.4,,,0.08000000000000007
2019-05-16,2.43,2.39,,,0.040000000000000036
2019-05-17,2.42,2.39,,,0.029999999999999805
2019-05-20,2.39,2.39,,,0.0
2019-05-21,2.38,2.39,,,-0.010000000000000231
2019-05-22,2.37,2.38,,,-0.009999999999999787
2019-05-23,2.37,2.38,,,-0.009999999999999787
2019-05-24,2.37,2.38,,,-0.009999999999999787
2019-05-27,2.37,2.38,,,-0.009999999999999787
2019-05-28,2.41,2.39,,,0.020000000000000018
2019-05-29,2.4,2.39,,,0.009999999999999787
2019-05-30,2.4,2.39,,,0.009999999999999787
2019-05-31,2.49,2.4,,,0.0900000000000003
2019-06-03,2.4,2.38,,,0.020000000000000018
2019-06-04,2.39,2.38,,,0.010000000000000231
2019-06-05,2.4,2.38,,,0.020000000000000018
2019-06-06,2.4,2.37,,,0.029999999999999805
2019-06-07,2.39,2.37,,,0.020000000000000018
2019-06-10,2.39,2.37,,,0.020000000000000018
2019-06-11,2.38,2.37,,,0.009999999999999787
2019-06-12,2.37,2.37,,,0.0
2019-06-13,2.35,2.37,,,-0.020000000000000018
2019-06-14,2.35,2.36,,,-0.009999999999999787
2019-06-17,2.41,2.38,,,0.03000000000000025
2019-06-18,2.39,2.37,,,0.020000000000000018
2019-06-19,2.36,2.37,,,-0.010000000000000231
2019-06-20,2.36,2.37,,,-0.010000000000000231
2019-06-21,2.37,2.38,,,-0.009999999999999787
2019-06-24,2.39,2.38,,,0.010000000000000231
2019-06-25,2.41,2.38,,,0.03000000000000025
2019-06-26,2.43,2.38,,,0.050000000000000266
2019-06-27,2.42,2.38,,,0.040000000000000036
2019-06-28,2.5,2.4,,,0.10000000000000009
2019-07-01,2.42,2.39,,,0.029999999999999805
2019-07-02,2.51,2.4,,,0.10999999999999988
2019-07-03,2.56,2.41,,,0.1499999999999999
2019-07-04,2.56,2.41,,,0.1499999999999999
2019-07-05,2.59,2.42,,,0.16999999999999993
2019-07-08,2.48,2.41,,,0.06999999999999984
2019-07-09,2.45,2.41,,,0.040000000000000036
2019-07-10,2.46,2.41,,,0.04999999999999982
2019-07-11,2.41,2.4,,,0.010000000000000231
2019-07-12,2.36,2.38,,,-0.020000000000000018
2019-07-15,2.46,2.4,,,0.06000000000000005
2019-07-16,2.47,2.41,,,0.06000000000000005
2019-07-17,2.47,2.41,,,0.06000000000000005
2019-07-18,2.46,2.41,,,0.04999999999999982
2019-07-19,2.41,2.41,,,0.0
2019-07-22,2.4,2.4,,,0.0
2019-07-23,2.4,2.4,,,0.0
2019-07-24,2.41,2.4,,,0.010000000000000231
2019-07-25,2.42,2.4,,,0.020000000000000018
2019-07-26,2.41,2.4,,,0.010000000000000231
2019-07-29,2.4,2.4,,,0.0
2019-07-30,2.39,2.39,,,0.0
2019-07-31,2.55,2.4,,,0.1499999999999999
2019-08-01,2.19,2.14,,,0.04999999999999982
2019-08-02,2.19,2.14,,,0.04999999999999982
2019-08-05,2.13,2.13,,,0.0
2019-08-06,2.11,2.13,,,-0.020000000000000018
2019-08-07,2.1,2.12,,,-0.020000000000000018
2019-08-08,2.09,2.12,,,-0.03000000000000025
2019-08-09,2.11,2.12,,,-0.010000000000000231
2019-08-12,2.12,2.12,,,0.0
2019-08-13,2.16,2.12,,,0.040000000000000036
2019-08-14,2.13,2.12,,,0.009999999999999787
2019-08-15,2.18,2.13,,,0.050000000000000266
2019-08-16,2.13,2.13,,,0.0
2019-08-19,2.11,2.13,,,-0.020000000000000018
2019-08-20,2.13,2.13,,,0.0
2019-08-21,2.1,2.12,,,-0.020000000000000018
2019-08-22,2.09,2.12,,,-0.03000000000000025
2019-08-23,2.1,2.12,,,-0.020000000000000018
2019-08-26,2.1,2.12,,,-0.020000000000000018
2019-08-27,2.15,2.12,,,0.029999999999999805
2019-08-28,2.12,2.12,,,0.0
2019-08-29,2.12,2.12,,,0.0
2019-08-30,2.16,2.13,,,0.03000000000000025
2019-09-02,2.16,2.13,,,0.03000000000000025
2019-09-03,2.17,2.13,,,0.040000000000000036
2019-09-04,2.21,2.13,,,0.08000000000000007
2019-09-05,2.21,2.13,,,0.08000000000000007
2019-09-06,2.15,2.12,,,0.029999999999999805
2019-09-09,2.12,2.13,,,-0.009999999999999787
2019-09-10,2.14,2.13,,,0.010000000000000231
2019-09-11,2.15,2.13,,,0.020000000000000018
2019-09-12,2.2,2.13,,,0.07000000000000028
2019-09-13,2.2,2.14,,,0.06000000000000005
2019-09-16,2.43,2.25,,,0.18000000000000016
2019-09-17,5.25,2.3,,,2.95
2019-09-18,2.55,2.25,,,0.2999999999999998
2019-09-19,1.95,1.9,,,0.050000000000000044
2019-09-20,1.86,1.9,,,-0.039999999999999813
2019-09-23,1.85,1.9,,,-0.04999999999999982
2019-09-24,1.96,1.9,,,0.06000000000000005
2019-09-25,2.01,1.9,,,0.10999999999999988
2019-09-26,1.85,1.85,,,0.0
2019-09-27,1.82,1.83,,,-0.010000000000000009
2019-09-30,2.35,1.9,,,0.4500000000000002
2019-10-01,1.88,1.88,,,0.0
2019-10-02,1.85,1.85,,,0.0
2019-10-03,1.84,1.83,,,0.010000000000000009
2019-10-04,1.82,1.82,,,0.0
2019-10-07,1.83,1.82,,,0.010000000000000009
2019-10-08,1.85,1.82,,,0.030000000000000027
2019-10-09,1.85,1.82,,,0.030000000000000027
2019-10-10,1.85,1.82,,,0.030000000000000027
2019-10-11,1.85,1.82,,,0.030000000000000027
2019-10-14,1.85,1.82,,,0.030000000000000027
2019-10-15,2.0,1.9,,,0.10000000000000009
2019-10-16,2.05,1.9,,,0.1499999999999999
2019-10-17,1.95,1.85,,,0.09999999999999987
2019-10-18,1.88,1.85,,,0.029999999999999805
2019-10-21,1.86,1.85,,,0.010000000000000009
2019-10-22,1.87,1.85,,,0.020000000000000018
2019-10-23,1.87,1.85,,,0.020000000000000018
2019-10-24,1.86,1.85,,,0.010000000000000009
2019-10-25,1.84,1.83,,,0.010000000000000009
2019-10-28,1.82,1.83,,,-0.010000000000000009
2019-10-29,1.81,1.82,,,-0.010000000000000009
2019-10-30,1.82,1.82,,,0.0
2019-10-31,1.76,1.58,,,0.17999999999999994
2019-11-01,1.58,1.57,,,0.010000000000000009
2019-11-04,1.56,1.56,,,0.0
2019-11-05,1.58,1.56,,,0.020000000000000018
2019-11-06,1.57,1.55,,,0.020000000000000018
2019-11-07,1.56,1.55,,,0.010000000000000009
2019-11-08,1.56,1.55,,,0.010000000000000009
2019-11-11,1.56,1.55,,,0.010000000000000009
2019-11-12,1.57,1.55,,,0.020000000000000018
2019-11-13,1.57,1.55,,,0.020000000000000018
2019-11-14,1.58,1.55,,,0.030000000000000027
2019-11-15,1.59,1.55,,,0.040000000000000036
2019-11-18,1.56,1.55,,,0.010000000000000009
2019-11-19,1.57,1.55,,,0.020000000000000018
2019-11-20,1.57,1.55,,,0.020000000000000018
2019-11-21,1.58,1.55,,,0.030000000000000027
2019-11-22,1.58,1.55,,,0.030000000000000027
2019-11-25,1.56,1.55,,,0.010000000000000009
2019-11-26,1.54,1.55,,,-0.010000000000000009
2019-11-27,1.55,1.55,,,0.0
2019-11-28,1.55,1.55,,,0.0
2019-11-29,1.65,1.56,,,0.08999999999999986
2019-12-02,1.63,1.56,,,0.06999999999999984
2019-12-03,1.55,1.55,,,0.0
2019-12-04,1.54,1.55,,,-0.010000000000000009
2019-12-05,1.55,1.55,,,0.0
2019-12-06,1.55,1.55,,,0.0
2019-12-09,1.56,1.55,,,0.010000000000000009
2019-12-10,1.55,1.55,,,0.0
2019-12-11,1.54,1.55,,,-0.010000000000000009
2019-12-12,1.53,1.55,,,-0.020000000000000018
2019-12-13,1.54,1.55,,,-0.010000000000000009
2019-12-16,1.62,1.56,,,0.06000000000000005
2019-12-17,1.54,1.55,,,-0.010000000000000009
2019-12-18,1.53,1.55,,,-0.020000000000000018
2019-12-19,1.53,1.55,,,-0.020000000000000018
2019-12-20,1.53,1.55,,,-0.020000000000000018
2019-12-23,1.52,1.55,,,-0.030000000000000027
2019-12-24,1.52,1.55,,,-0.030000000000000027
2019-12-25,1.52,1.55,,,-0.030000000000000027
2019-12-26,1.52,1.55,,,-0.030000000000000027
2019-12-27,1.53,1.55,,,-0.020000000000000018
2019-12-30,1.54,1.55,,,-0.010000000000000009
2019-12-31,1.55,1.55,,,0.0
2020-01-01,1.55,1.55,,,0.0
2020-01-02,1.54,1.55,,,-0.010000000000000009
2020-01-03,1.55,1.55,,,0.0
2020-01-06,1.55,1.55,,,0.0
2020-01-07,1.56,1.55,,,0.010000000000000009
2020-01-08,1.55,1.55,,,0.0
2020-01-09,1.55,1.55,,,0.0
2020-01-10,1.55,1.54,,,0.010000000000000009
2020-01-13,1.54,1.54,,,0.0
2020-01-14,1.55,1.54,,,0.010000000000000009
2020-01-15,1.56,1.54,,,0.020000000000000018
2020-01-16,1.55,1.54,,,0.010000000000000009
2020-01-17,1.54,1.55,,,-0.010000000000000009
2020-01-20,1.54,1.55,,,-0.010000000000000009
2020-01-21,1.54,1.55,,,-0.010000000000000009
2020-01-22,1.54,1.55,,,-0.010000000000000009
2020-01-23,1.54,1.55,,,-0.010000000000000009
2020-01-24,1.53,1.55,,,-0.020000000000000018
2020-01-27,1.53,1.55,,,-0.020000000000000018
2020-01-28,1.53,1.55,,,-0.020000000000000018
2020-01-29,1.53,1.55,,,-0.020000000000000018
2020-01-30,1.58,1.6,,,-0.020000000000000018
2020-01-31,1.6,1.59,,,0.010000000000000009
2020-02-03,1.59,1.59,,,0.0
2020-02-04,1.6,1.59,,,0.010000000000000009
2020-02-05,1.59,1.59,,,0.0
2020-02-06,1.59,1.59,,,0.0
2020-02-07,1.58,1.58,,,0.0
2020-02-10,1.58,1.58,,,0.0
2020-02-11,1.58,1.58,,,0.0
2020-02-12,1.57,1.58,,,-0.010000000000000009
2020-02-13,1.57,1.58,,,-0.010000000000000009
2020-02-14,1.58,1.58,,,0.0
2020-02-17,1.58,1.58,,,0.0
2020-02-18,1.6,1.59,,,0.010000000000000009
2020-02-19,1.59,1.59,,,0.0
2020-02-20,1.6,1.59,,,0.010000000000000009
2020-02-21,1.58,1.58,,,0.0
2020-02-24,1.58,1.58,,,0.0
2020-02-25,1.59,1.58,,,0.010000000000000009
2020-02-26,1.58,1.58,,,0.0
2020-02-27,1.58,1.58,,,0.0
2020-02-28,1.6,1.58,,,0.020000000000000018
2020-03-02,1.59,1.59,,,0.0
2020-03-03,1.64,1.59,,,0.04999999999999982
2020-03-04,1.23,1.09,,,0.1399999999999999
2020-03-05,1.12,1.09,,,0.030000000000000027
2020-03-06,1.1,1.09,,,0.010000000000000009
2020-03-09,1.09,1.09,,,0.0
2020-03-10,1.11,1.09,,,0.020000000000000018
2020-03-11,1.15,1.09,,,0.05999999999999983
2020-03-12,1.2,1.1,,,0.09999999999999987
2020-03-13,1.1,1.1,,,0.0
2020-03-16,0.26,0.25,,,0.010000000000000009
2020-03-17,0.54,0.25,,,0.29000000000000004
2020-03-18,0.1,0.25,,,-0.15
2020-03-19,0.06,0.2,,,-0.14
2020-03-20,0.04,0.15,,,-0.10999999999999999
2020-03-23,0.02,0.15,,,-0.13
2020-03-24,0.01,0.12,,,-0.11
2020-03-25,0.01,0.1,,,-0.09000000000000001
2020-03-26,0.01,0.1,,,-0.09000000000000001
2020-03-27,0.01,0.1,,,-0.09000000000000001
2020-03-30,0.01,0.09,,,-0.08
2020-03-31,0.01,0.08,,,-0.07
2020-04-01,0.01,0.06,,,-0.049999999999999996
2020-04-02,0.01,0.05,,,-0.04
2020-04-03,0.01,0.05,,,-0.04
2020-04-06,0.01,0.05,,,-0.04
2020-04-07,0.01,0.05,,,-0.04
2020-04-08,0.01,0.05,,,-0.04
2020-04-09,0.01,0.05,,,-0.04
2020-04-10,0.01,0.05,,,-0.04
2020-04-13,0.02,0.05,,,-0.030000000000000002
2020-04-14,0.06,0.05,,,0.009999999999999995
2020-04-15,0.03,0.05,,,-0.020000000000000004
2020-04-16,0.03,0.05,,,-0.020000000000000004
2020-04-17,0.03,0.05,,,-0.020000000000000004
2020-04-20,0.02,0.05,,,-0.030000000000000002
2020-04-21,0.01,0.05,,,-0.04
2020-04-22,0.01,0.05,,,-0.04
2020-04-23,0.01,0.04,,,-0.03
2020-04-24,0.03,0.05,,,-0.020000000000000004
2020-04-27,0.03,0.04,,,-0.010000000000000002
2020-04-28,0.01,0.04,,,-0.03
2020-04-29,0.01,0.04,,,-0.03
2020-04-30,0.04,0.05,,,-0.010000000000000002
2020-05-01,0.03,0.05,,,-0.020000000000000004
2020-05-04,0.05,0.05,,,0.0
2020-05-05,0.05,0.05,,,0.0
2020-05-06,0.05,0.05,,,0.0
2020-05-07,0.05,0.05,,,0.0
2020-05-08,0.06,0.05,,,0.009999999999999995
2020-05-11,0.06,0.05,,,0.009999999999999995
2020-05-12,0.06,0.05,,,0.009999999999999995
2020-05-13,0.04,0.05,,,-0.010000000000000002
2020-05-14,0.02,0.05,,,-0.030000000000000002
2020-05-15,0.05,0.05,,,0.0
2020-05-18,0.04,0.05,,,-0.010000000000000002
2020-05-19,0.04,0.05,,,-0.010000000000000002
2020-05-20,0.01,0.05,,,-0.04
2020-05-21,0.02,0.05,,,-0.030000000000000002
2020-05-22,0.04,0.05,,,-0.010000000000000002
2020-05-25,0.04,0.05,,,-0.010000000000000002
2020-05-26,0.06,0.05,,,0.009999999999999995
2020-05-27,0.06,0.05,,,0.009999999999999995
2020-05-28,0.06,0.05,,,0.009999999999999995
2020-05-29,0.06,0.05,,,0.009999999999999995
2020-06-01,0.06,0.05,,,0.009999999999999995
2020-06-02,0.07,0.06,,,0.010000000000000009
2020-06-03,0.06,0.06,,,0.0
2020-06-04,0.07,0.06,,,0.010000000000000009
2020-06-05,0.07,0.07,,,0.0
2020-06-08,0.07,0.07,,,0.0
2020-06-09,0.08,0.07,,,0.009999999999999995
2020-06-10,0.07,0.08,,,-0.009999999999999995
2020-06-11,0.08,0.08,,,0.0
2020-06-12,0.08,0.08,,,0.0
2020-06-15,0.09,0.09,,,0.0
2020-06-16,0.09,0.09,,,0.0
2020-06-17,0.09,0.09,,,0.0
2020-06-18,0.09,0.09,,,0.0
2020-06-19,0.09,0.09,,,0.0
2020-06-22,0.08,0.08,,,0.0
2020-06-23,0.07,0.08,,,-0.009999999999999995
2020-06-24,0.08,0.08,,,0.0
2020-06-25,0.09,0.08,,,0.009999999999999995
2020-06-26,0.08,0.08,,,0.0
2020-06-29,0.08,0.08,,,0.0
2020-06-30,0.1,0.08,,,0.020000000000000004
2020-07-01,0.11,0.08,,,0.03
2020-07-02,0.11,0.09,,,0.020000000000000004
2020-07-03,0.11,0.09,,,0.020000000000000004
2020-07-06,0.1,0.09,,,0.010000000000000009
2020-07-07,0.1,0.09,,,0.010000000000000009
2020-07-08,0.1,0.09,,,0.010000000000000009
2020-07-09,0.1,0.09,,,0.010000000000000009
2020-07-10,0.1,0.09,,,0.010000000000000009
2020-07-13,0.1,0.09,,,0.010000000000000009
2020-07-14,0.11,0.09,,,0.020000000000000004
2020-07-15,0.13,0.1,,,0.03
2020-07-16,0.12,0.1,,,0.01999999999999999
2020-07-17,0.12,0.09,,,0.03
2020-07-20,0.12,0.1,,,0.01999999999999999
2020-07-21,0.11,0.1,,,0.009999999999999995
2020-07-22,0.1,0.09,,,0.010000000000000009
2020-07-23,0.1,0.09,,,0.010000000000000009
2020-07-24,0.1,0.09,,,0.010000000000000009
2020-07-27,0.1,0.1,,,0.0
2020-07-28,0.1,0.1,,,0.0
2020-07-29,0.09,0.1,,,-0.010000000000000009
2020-07-30,0.1,0.1,,,0.0
2020-07-31,0.1,0.1,,,0.0
2020-08-03,0.1,0.1,,,0.0
2020-08-04,0.09,0.1,,,-0.010000000000000009
2020-08-05,0.09,0.1,,,-0.010000000000000009
2020-08-06,0.09,0.1,,,-0.010000000000000009
2020-08-07,0.09,0.1,,,-0.010000000000000009
2020-08-10,0.09,0.1,,,-0.010000000000000009
2020-08-11,0.1,0.1,,,0.0
2020-08-12,0.09,0.1,,,-0.010000000000000009
2020-08-13,0.09,0.1,,,-0.010000000000000009
2020-08-14,0.09,0.1,,,-0.010000000000000009
2020-08-17,0.1,0.1,,,0.0
2020-08-18,0.09,0.09,,,0.0
2020-08-19,0.09,0.09,,,0.0
2020-08-20,0.07,0.09,,,-0.01999999999999999
2020-08-21,0.07,0.09,,,-0.01999999999999999
2020-08-24,0.08,0.09,,,-0.009999999999999995
2020-08-25,0.08,0.09,,,-0.009999999999999995
2020-08-26,0.07,0.09,,,-0.01999999999999999
2020-08-27,0.07,0.08,,,-0.009999999999999995
2020-08-28,0.07,0.09,,,-0.01999999999999999
2020-08-31,0.09,0.09,,,0.0
2020-09-01,0.09,0.09,,,0.0
2020-09-02,0.09,0.09,,,0.0
2020-09-03,0.1,0.09,,,0.010000000000000009
2020-09-04,0.09,0.09,,,0.0
2020-09-07,0.09,0.09,,,0.0
2020-09-08,0.09,0.09,,,0.0
2020-09-09,0.09,0.09,,,0.0
2020-09-10,0.09,0.09,,,0.0
2020-09-11,0.09,0.09,,,0.0
2020-09-14,0.09,0.09,,,0.0
2020-09-15,0.1,0.09,,,0.010000000000000009
2020-09-16,0.1,0.09,,,0.010000000000000009
2020-09-17,0.1,0.09,,,0.010000000000000009
2020-09-18,0.09,0.09,,,0.0
2020-09-21,0.08,0.09,,,-0.009999999999999995
2020-09-22,0.07,0.09,,,-0.01999999999999999
2020-09-23,0.06,0.09,,,-0.03
2020-09-24,0.07,0.09,,,-0.01999999999999999
2020-09-25,0.08,0.09,,,-0.009999999999999995
2020-09-28,0.08,0.09,,,-0.009999999999999995
2020-09-29,0.07,0.09,,,-0.01999999999999999
2020-09-30,0.08,0.09,,,-0.009999999999999995
2020-10-01,0.08,0.09,,,-0.009999999999999995
2020-10-02,0.1,0.09,,,0.010000000000000009
2020-10-05,0.09,0.09,,,0.0
2020-10-06,0.1,0.09,,,0.010000000000000009
2020-10-07,0.09,0.09,,,0.0
2020-10-08,0.08,0.09,,,-0.009999999999999995
2020-10-09,0.09,0.09,,,0.0
2020-10-12,0.09,0.09,,,0.0
2020-10-13,0.09,0.09,,,0.0
2020-10-14,0.09,0.09,,,0.0
2020-10-15,0.1,0.09,,,0.010000000000000009
2020-10-16,0.09,0.09,,,0.0
2020-10-19,0.09,0.09,,,0.0
2020-10-20,0.08,0.09,,,-0.009999999999999995
2020-10-21,0.07,0.09,,,-0.01999999999999999
2020-10-22,0.07,0.09,,,-0.01999999999999999
2020-10-23,0.08,0.09,,,-0.009999999999999995
2020-10-26,0.09,0.09,,,0.0
2020-10-27,0.09,0.09,,,0.0
2020-10-28,0.08,0.09,,,-0.009999999999999995
2020-10-29,0.09,0.09,,,0.0
2020-10-30,0.09,0.09,,,0.0
2020-11-02,0.11,0.09,,,0.020000000000000004
2020-11-03,0.1,0.09,,,0.010000000000000009
2020-11-04,0.1,0.09,,,0.010000000000000009
2020-11-05,0.11,0.09,,,0.020000000000000004
2020-11-06,0.1,0.09,,,0.010000000000000009
2020-11-09,0.1,0.09,,,0.010000000000000009
2020-11-10,0.1,0.09,,,0.010000000000000009
2020-11-11,0.1,0.09,,,0.010000000000000009
2020-11-12,0.09,0.09,,,0.0
2020-11-13,0.09,0.09,,,0.0
2020-11-16,0.1,0.09,,,0.010000000000000009
2020-11-17,0.09,0.09,,,0.0
2020-11-18,0.07,0.09,,,-0.01999999999999999
2020-11-19,0.06,0.08,,,-0.020000000000000004
2020-11-20,0.05,0.08,,,-0.03
2020-11-23,0.05,0.08,,,-0.03
2020-11-24,0.07,0.08,,,-0.009999999999999995
2020-11-25,0.08,0.08,,,0.0
2020-11-26,0.08,0.08,,,0.0
2020-11-27,0.08,0.08,,,0.0
2020-11-30,0.09,0.09,,,0.0
2020-12-01,0.08,0.09,,,-0.009999999999999995
2020-12-02,0.08,0.09,,,-0.009999999999999995
2020-12-03,0.08,0.09,,,-0.009999999999999995
2020-12-04,0.09,0.09,,,0.0
2020-12-07,0.08,0.09,,,-0.009999999999999995
2020-12-08,0.07,0.09,,,-0.01999999999999999
2020-12-09,0.08,0.09,,,-0.009999999999999995
2020-12-10,0.08,0.09,,,-0.009999999999999995
2020-12-11,0.08,0.09,,,-0.009999999999999995
2020-12-14,0.08,0.09,,,-0.009999999999999995
2020-12-15,0.09,0.09,,,0.0
2020-12-16,0.09,0.09,,,0.0
2020-12-17,0.09,0.09,,,0.0
2020-12-18,0.09,0.09,,,0.0
2020-12-21,0.09,0.09,,,0.0
2020-12-22,0.07,0.09,,,-0.01999999999999999
2020-12-23,0.06,0.09,,,-0.03
2020-12-24,0.08,0.09,,,-0.009999999999999995
2020-12-25,0.08,0.09,,,-0.009999999999999995
2020-12-28,0.09,0.09,,,0.0
2020-12-29,0.1,0.09,,,0.010000000000000009
2020-12-30,0.09,0.09,,,0.0
2020-12-31,0.07,0.09,,,-0.01999999999999999
2021-01-01,0.07,0.09,,,-0.01999999999999999
2021-01-04,0.1,0.09,,,0.010000000000000009
2021-01-05,0.11,0.09,,,0.020000000000000004
2021-01-06,0.1,0.09,,,0.010000000000000009
2021-01-07,0.1,0.09,,,0.010000000000000009
2021-01-08,0.09,0.09,,,0.0
2021-01-11,0.09,0.09,,,0.0
2021-01-12,0.08,0.09,,,-0.009999999999999995
2021-01-13,0.08,0.09,,,-0.009999999999999995
2021-01-14,0.08,0.09,,,-0.009999999999999995
2021-01-15,0.08,0.09,,,-0.009999999999999995
2021-01-18,0.08,0.09,,,-0.009999999999999995
2021-01-19,0.07,0.09,,,-0.01999999999999999
2021-01-20,0.06,0.09,,,-0.03
2021-01-21,0.04,0.08,,,-0.04
2021-01-22,0.05,0.08,,,-0.03
2021-01-25,0.06,0.08,,,-0.020000000000000004
2021-01-26,0.03,0.08,,,-0.05
2021-01-27,0.03,0.08,,,-0.05
2021-01-28,0.04,0.07,,,-0.030000000000000006
2021-01-29,0.06,0.07,,,-0.010000000000000009
2021-02-01,0.07,0.08,,,-0.009999999999999995
2021-02-02,0.07,0.08,,,-0.009999999999999995
2021-02-03,0.07,0.08,,,-0.009999999999999995
2021-02-04,0.05,0.08,,,-0.03
2021-02-05,0.02,0.08,,,-0.06
2021-02-08,0.02,0.07,,,-0.05
2021-02-09,0.05,0.08,,,-0.03
2021-02-10,0.06,0.08,,,-0.020000000000000004
2021-02-11,0.06,0.08,,,-0.020000000000000004
2021-02-12,0.05,0.08,,,-0.03
2021-02-15,0.05,0.08,,,-0.03
2021-02-16,0.06,0.08,,,-0.020000000000000004
2021-02-17,0.06,0.08,,,-0.020000000000000004
2021-02-18,0.03,0.07,,,-0.04000000000000001
2021-02-19,0.02,0.07,,,-0.05
2021-02-22,0.03,0.07,,,-0.04000000000000001
2021-02-23,0.01,0.07,,,-0.060000000000000005
2021-02-24,0.02,0.07,,,-0.05
2021-02-25,0.03,0.07,,,-0.04000000000000001
2021-02-26,0.01,0.07,,,-0.060000000000000005
2021-03-01,0.02,0.07,,,-0.05
2021-03-02,0.04,0.07,,,-0.030000000000000006
2021-03-03,0.04,0.07,,,-0.030000000000000006
2021-03-04,0.02,0.07,,,-0.05
2021-03-05,0.02,0.07,,,-0.05
2021-03-08,0.02,0.07,,,-0.05
2021-03-09,0.02,0.07,,,-0.05
2021-03-10,0.02,0.07,,,-0.05
2021-03-11,0.01,0.07,,,-0.060000000000000005
2021-03-12,0.01,0.07,,,-0.060000000000000005
2021-03-15,0.01,0.07,,,-0.060000000000000005
2021-03-16,0.01,0.07,,,-0.060000000000000005
2021-03-17,0.01,0.07,,,-0.060000000000000005
2021-03-18,0.01,0.07,,,-0.060000000000000005
2021-03-19,0.01,0.07,,,-0.060000000000000005
2021-03-22,0.01,0.07,,,-0.060000000000000005
2021-03-23,0.01,0.07,,,-0.060000000000000005
2021-03-24,0.01,0.07,,,-0.060000000000000005
2021-03-25,0.01,0.07,,,-0.060000000000000005
2021-03-26,0.01,0.07,,,-0.060000000000000005
2021-03-29,0.01,0.07,,,-0.060000000000000005
2021-03-30,0.01,0.07,,,-0.060000000000000005
2021-03-31,0.01,0.06,,,-0.049999999999999996
2021-04-01,0.01,0.07,,,-0.060000000000000005
2021-04-02,0.01,0.07,,,-0.060000000000000005
2021-04-05,0.01,0.07,,,-0.060000000000000005
2021-04-06,0.01,0.07,,,-0.060000000000000005
2021-04-07,0.01,0.07,,,-0.060000000000000005
2021-04-08,0.01,0.07,,,-0.060000000000000005
2021-04-09,0.01,0.07,,,-0.060000000000000005
2021-04-12,0.01,0.07,,,-0.060000000000000005
2021-04-13,0.01,0.07,,,-0.060000000000000005
2021-04-14,0.01,0.07,,,-0.060000000000000005
2021-04-15,0.01,0.07,,,-0.060000000000000005
2021-04-16,0.01,0.07,,,-0.060000000000000005
2021-04-19,0.01,0.07,,,-0.060000000000000005
2021-04-20,0.01,0.07,,,-0.060000000000000005
2021-04-21,0.01,0.07,,,-0.060000000000000005
2021-04-22,0.01,0.07,,,-0.060000000000000005
2021-04-23,0.01,0.07,,,-0.060000000000000005
2021-04-26,0.01,0.07,,,-0.060000000000000005
2021-04-27,0.01,0.07,,,-0.060000000000000005
2021-04-28,0.01,0.07,,,-0.060000000000000005
2021-04-29,0.01,0.06,,,-0.049999999999999996
2021-04-30,0.01,0.05,,,-0.04
2021-05-03,0.01,0.06,,,-0.049999999999999996
2021-05-04,0.01,0.06,,,-0.049999999999999996
2021-05-05,0.01,0.06,,,-0.049999999999999996
2021-05-06,0.01,0.06,,,-0.049999999999999996
2021-05-07,0.01,0.06,,,-0.049999999999999996
2021-05-10,0.01,0.06,,,-0.049999999999999996
2021-05-11,0.01,0.06,,,-0.049999999999999996
2021-05-12,0.01,0.06,,,-0.049999999999999996
2021-05-13,0.01,0.06,,,-0.049999999999999996
2021-05-14,0.01,0.06,,,-0.049999999999999996
2021-05-17,0.01,0.06,,,-0.049999999999999996
2021-05-18,0.01,0.06,,,-0.049999999999999996
2021-05-19,0.01,0.06,,,-0.049999999999999996
2021-05-20,0.01,0.06,,,-0.049999999999999996
2021-05-21,0.01,0.06,,,-0.049999999999999996
2021-05-24,0.01,0.06,,,-0.049999999999999996
2021-05-25,0.01,0.06,,,-0.049999999999999996
2021-05-26,0.01,0.06,,,-0.049999999999999996
2021-05-27,0.01,0.06,,,-0.049999999999999996
2021-05-28,0.01,0.05,,,-0.04
2021-05-31,0.01,0.05,,,-0.04
2021-06-01,0.01,0.06,,,-0.049999999999999996
2021-06-02,0.01,0.06,,,-0.049999999999999996
2021-06-03,0.01,0.06,,,-0.049999999999999996
2021-06-04,0.01,0.06,,,-0.049999999999999996
2021-06-07,0.01,0.06,,,-0.049999999999999996
2021-06-08,0.01,0.06,,,-0.049999999999999996
2021-06-09,0.01,0.06,,,-0.049999999999999996
2021-06-10,0.01,0.06,,,-0.049999999999999996
2021-06-11,0.01,0.06,,,-0.049999999999999996
2021-06-14,0.01,0.06,,,-0.049999999999999996
2021-06-15,0.01,0.06,,,-0.049999999999999996
2021-06-16,0.01,0.06,,,-0.049999999999999996
2021-06-17,0.05,0.1,,,-0.05
2021-06-18,0.05,0.1,,,-0.05
2021-06-21,0.05,0.1,,,-0.05
2021-06-22,0.05,0.1,,,-0.05
2021-06-23,0.05,0.1,,,-0.05
2021-06-24,0.05,0.1,,,-0.05
2021-06-25,0.05,0.1,,,-0.05
2021-06-28,0.05,0.1,,,-0.05
2021-06-29,0.05,0.1,,,-0.05
2021-06-30,0.05,0.08,,,-0.03
2021-07-01,0.05,0.1,,,-0.05
2021-07-02,0.05,0.1,,,-0.05
2021-07-05,0.05,0.1,,,-0.05
2021-07-06,0.05,0.1,,,-0.05
2021-07-07,0.05,0.1,,,-0.05
2021-07-08,0.05,0.1,,,-0.05
2021-07-09,0.05,0.1,,,-0.05
2021-07-12,0.05,0.1,,,-0.05
2021-07-13,0.05,0.1,,,-0.05
2021-07-14,0.05,0.1,,,-0.05
2021-07-15,0.05,0.1,,,-0.05
2021-07-16,0.05,0.1,,,-0.05
2021-07-19,0.05,0.1,,,-0.05
2021-07-20,0.05,0.1,,,-0.05
2021-07-21,0.05,0.1,,,-0.05
2021-07-22,0.05,0.1,,,-0.05
2021-07-23,0.05,0.1,,,-0.05
2021-07-26,0.05,0.1,,,-0.05
2021-07-27,0.05,0.1,,,-0.05
2021-07-28,0.05,0.1,,,-0.05
2021-07-29,0.05,0.1,0.15,-0.09999999999999999,-0.05
2021-07-30,0.05,0.07,0.15,-0.09999999999999999,-0.020000000000000004
2021-07-31,0.05,0.07,0.15,-0.09999999999999999,-0.020000000000000004
2021-08-01,0.05,0.07,0.15,-0.09999999999999999,-0.020000000000000004
2021-08-02,0.05,0.1,0.15,-0.09999999999999999,-0.05
2021-08-03,0.05,0.1,0.15,-0.09999999999999999,-0.05
2021-08-04,0.05,0.1,0.15,-0.09999999999999999,-0.05
2021-08-05,0.05,0.1,0.15,-0.09999999999999999,-0.05
2021-08-06,0.05,0.1,0.15,-0.09999999999999999,-0.05
2021-08-07,0.05,0.1,0.15,-0.09999999999999999,-0.05
2021-08-08,0.05,0.1,0.15,-0.09999999999999999,-0.05
2021-08-09,0.05,0.1,0.15,-0.09999999999999999,-0.05
2021-08-10,0.05,0.1,0.15,-0.09999999999999999,-0.05
2021-08-11,0.05,0.1,0.15,-0.09999999999999999,-0.05
2021-08-12,0.05,0.1,0.15,-0.09999999999999999,-0.05
2021-08-13,0.05,0.1,0.15,-0.09999999999999999,-0.05
2021-08-14,0.05,0.1,0.15,-0.09999999999999999,-0.05
2021-08-15,0.05,0.1,0.15,-0.09999999999999999,-0.05
2021-08-16,0.05,0.1,0.15,-0.09999999999999999,-0.05
2021-08-17,0.05,0.1,0.15,-0.09999999999999999,-0.05
2021-08-18,0.05,0.09,0.15,-0.09999999999999999,-0.039999999999999994
2021-08-19,0.05,0.09,0.15,-0.09999999999999999,-0.039999999999999994
2021-08-20,0.05,0.09,0.15,-0.09999999999999999,-0.039999999999999994
2021-08-21,0.05,0.09,0.15,-0.09999999999999999,-0.039999999999999994
2021-08-22,0.05,0.09,0.15,-0.09999999999999999,-0.039999999999999994
2021-08-23,0.05,0.09,0.15,-0.09999999999999999,-0.039999999999999994
2021-08-24,0.05,0.09,0.15,-0.09999999999999999,-0.039999999999999994
2021-08-25,0.05,0.09,0.15,-0.09999999999999999,-0.039999999999999994
2021-08-26,0.05,0.09,0.15,-0.09999999999999999,-0.039999999999999994
2021-08-27,0.05,0.08,0.15,-0.09999999999999999,-0.03
2021-08-28,0.05,0.08,0.15,-0.09999999999999999,-0.03
2021-08-29,0.05,0.08,0.15,-0.09999999999999999,-0.03
2021-08-30,0.05,0.08,0.15,-0.09999999999999999,-0.03
2021-08-31,0.05,0.06,0.15,-0.09999999999999999,-0.009999999999999995
2021-09-01,0.05,0.08,0.15,-0.09999999999999999,-0.03
2021-09-02,0.05,0.08,0.15,-0.09999999999999999,-0.03
2021-09-03,0.05,0.08,0.15,-0.09999999999999999,-0.03
2021-09-04,0.05,0.08,0.15,-0.09999999999999999,-0.03
2021-09-05,0.05,0.08,0.15,-0.09999999999999999,-0.03
2021-09-06,0.05,0.08,0.15,-0.09999999999999999,-0.03
2021-09-07,0.05,0.08,0.15,-0.09999999999999999,-0.03
2021-09-08,0.05,0.08,0.15,-0.09999999999999999,-0.03
2021-09-09,0.05,0.08,0.15,-0.09999999999999999,-0.03
2021-09-10,0.05,0.08,0.15,-0.09999999999999999,-0.03
2021-09-11,0.05,0.08,0.15,-0.09999999999999999,-0.03
2021-09-12,0.05,0.08,0.15,-0.09999999999999999,-0.03
2021-09-13,0.05,0.08,0.15,-0.09999999999999999,-0.03
2021-09-14,0.05,0.08,0.15,-0.09999999999999999,-0.03
2021-09-15,0.05,0.08,0.15,-0.09999999999999999,-0.03
2021-09-16,0.05,0.08,0.15,-0.09999999999999999,-0.03
2021-09-17,0.05,0.08,0.15,-0.09999999999999999,-0.03
2021-09-18,0.05,0.08,0.15,-0.09999999999999999,-0.03
2021-09-19,0.05,0.08,0.15,-0.09999999999999999,-0.03
2021-09-20,0.05,0.08,0.15,-0.09999999999999999,-0.03
2021-09-21,0.05,0.08,0.15,-0.09999999999999999,-0.03
2021-09-22,0.05,0.08,0.15,-0.09999999999999999,-0.03
2021-09-23,0.05,0.08,0.15,-0.09999999999999999,-0.03
2021-09-24,0.05,0.08,0.15,-0.09999999999999999,-0.03
2021-09-25,0.05,0.08,0.15,-0.09999999999999999,-0.03
2021-09-26,0.05,0.08,0.15,-0.09999999999999999,-0.03
2021-09-27,0.05,0.08,0.15,-0.09999999999999999,-0.03
2021-09-28,0.05,0.08,0.15,-0.09999999999999999,-0.03
2021-09-29,0.05,0.08,0.15,-0.09999999999999999,-0.03
2021-09-30,0.05,0.06,0.15,-0.09999999999999999,-0.009999999999999995
2021-10-01,0.05,0.08,0.15,-0.09999999999999999,-0.03
2021-10-02,0.05,0.08,0.15,-0.09999999999999999,-0.03
2021-10-03,0.05,0.08,0.15,-0.09999999999999999,-0.03
2021-10-04,0.05,0.08,0.15,-0.09999999999999999,-0.03
2021-10-05,0.05,0.08,0.15,-0.09999999999999999,-0.03
2021-10-06,0.05,0.08,0.15,-0.09999999999999999,-0.03
2021-10-07,0.05,0.08,0.15,-0.09999999999999999,-0.03
2021-10-08,0.05,0.08,0.15,-0.09999999999999999,-0.03
2021-10-09,0.05,0.08,0.15,-0.09999999999999999,-0.03
2021-10-10,0.05,0.08,0.15,-0.09999999999999999,-0.03
2021-10-11,0.05,0.08,0.15,-0.09999999999999999,-0.03
2021-10-12,0.05,0.08,0.15,-0.09999999999999999,-0.03
2021-10-13,0.05,0.08,0.15,-0.09999999999999999,-0.03
2021-10-14,0.05,0.08,0.15,-0.09999999999999999,-0.03
2021-10-15,0.05,0.08,0.15,-0.09999999999999999,-0.03
2021-10-16,0.05,0.08,0.15,-0.09999999999999999,-0.03
2021-10-17,0.05,0.08,0.15,-0.09999999999999999,-0.03
2021-10-18,0.05,0.08,0.15,-0.09999999999999999,-0.03
2021-10-19,0.03,0.08,0.15,-0.12,-0.05
2021-10-20,0.03,0.08,0.15,-0.12,-0.05
2021-10-21,0.03,0.08,0.15,-0.12,-0.05
2021-10-22,0.05,0.08,0.15,-0.09999999999999999,-0.03
2021-10-23,0.05,0.08,0.15,-0.09999999999999999,-0.03
2021-10-24,0.05,0.08,0.15,-0.09999999999999999,-0.03
2021-10-25,0.04,0.08,0.15,-0.10999999999999999,-0.04
2021-10-26,0.05,0.08,0.15,-0.09999999999999999,-0.03
2021-10-27,0.05,0.08,0.15,-0.09999999999999999,-0.03
2021-10-28,0.05,0.08,0.15,-0.09999999999999999,-0.03
2021-10-29,0.05,0.07,0.15,-0.09999999999999999,-0.020000000000000004
2021-10-30,0.05,0.07,0.15,-0.09999999999999999,-0.020000000000000004
2021-10-31,0.05,0.07,0.15,-0.09999999999999999,-0.020000000000000004
2021-11-01,0.05,0.08,0.15,-0.09999999999999999,-0.03
2021-11-02,0.05,0.08,0.15,-0.09999999999999999,-0.03
2021-11-03,0.05,0.08,0.15,-0.09999999999999999,-0.03
2021-11-04,0.05,0.08,0.15,-0.09999999999999999,-0.03
2021-11-05,0.05,0.08,0.15,-0.09999999999999999,-0.03
2021-11-06,0.05,0.08,0.15,-0.09999999999999999,-0.03
2021-11-07,0.05,0.08,0.15,-0.09999999999999999,-0.03
2021-11-08,0.05,0.08,0.15,-0.09999999999999999,-0.03
2021-11-09,0.05,0.08,0.15,-0.09999999999999999,-0.03
2021-11-10,0.05,0.08,0.15,-0.09999999999999999,-0.03
2021-11-11,0.05,0.08,0.15,-0.09999999999999999,-0.03
2021-11-12,0.05,0.08,0.15,-0.09999999999999999,-0.03
2021-11-13,0.05,0.08,0.15,-0.09999999999999999,-0.03
2021-11-14,0.05,0.08,0.15,-0.09999999999999999,-0.03
2021-11-15,0.05,0.08,0.15,-0.09999999999999999,-0.03
2021-11-16,0.05,0.08,0.15,-0.09999999999999999,-0.03
2021-11-17,0.05,0.08,0.15,-0.09999999999999999,-0.03
2021-11-18,0.05,0.08,0.15,-0.09999999999999999,-0.03
2021-11-19,0.05,0.08,0.15,-0.09999999999999999,-0.03
2021-11-20,0.05,0.08,0.15,-0.09999999999999999,-0.03
2021-11-21,0.05,0.08,0.15,-0.09999999999999999,-0.03
2021-11-22,0.05,0.08,0.15,-0.09999999999999999,-0.03
2021-11-23,0.05,0.08,0.15,-0.09999999999999999,-0.03
2021-11-24,0.05,0.08,0.15,-0.09999999999999999,-0.03
2021-11-25,0.05,0.08,0.15,-0.09999999999999999,-0.03
2021-11-26,0.05,0.08,0.15,-0.09999999999999999,-0.03
2021-11-27,0.05,0.08,0.15,-0.09999999999999999,-0.03
2021-11-28,0.05,0.08,0.15,-0.09999999999999999,-0.03
2021-11-29,0.05,0.08,0.15,-0.09999999999999999,-0.03
2021-11-30,0.05,0.07,0.15,-0.09999999999999999,-0.020000000000000004
2021-12-01,0.05,0.08,0.15,-0.09999999999999999,-0.03
2021-12-02,0.05,0.08,0.15,-0.09999999999999999,-0.03
2021-12-03,0.05,0.08,0.15,-0.09999999999999999,-0.03
2021-12-04,0.05,0.08,0.15,-0.09999999999999999,-0.03
2021-12-05,0.05,0.08,0.15,-0.09999999999999999,-0.03
2021-12-06,0.05,0.08,0.15,-0.09999999999999999,-0.03
2021-12-07,0.05,0.08,0.15,-0.09999999999999999,-0.03
2021-12-08,0.05,0.08,0.15,-0.09999999999999999,-0.03
2021-12-09,0.05,0.08,0.15,-0.09999999999999999,-0.03
2021-12-10,0.05,0.08,0.15,-0.09999999999999999,-0.03
2021-12-11,0.05,0.08,0.15,-0.09999999999999999,-0.03
2021-12-12,0.05,0.08,0.15,-0.09999999999999999,-0.03
2021-12-13,0.05,0.08,0.15,-0.09999999999999999,-0.03
2021-12-14,0.05,0.08,0.15,-0.09999999999999999,-0.03
2021-12-15,0.05,0.08,0.15,-0.09999999999999999,-0.03
2021-12-16,0.05,0.08,0.15,-0.09999999999999999,-0.03
2021-12-17,0.05,0.08,0.15,-0.09999999999999999,-0.03
2021-12-18,0.05,0.08,0.15,-0.09999999999999999,-0.03
2021-12-19,0.05,0.08,0.15,-0.09999999999999999,-0.03
2021-12-20,0.04,0.08,0.15,-0.10999999999999999,-0.04
2021-12-21,0.05,0.08,0.15,-0.09999999999999999,-0.03
2021-12-22,0.05,0.08,0.15,-0.09999999999999999,-0.03
2021-12-23,0.05,0.08,0.15,-0.09999999999999999,-0.03
2021-12-24,0.05,0.08,0.15,-0.09999999999999999,-0.03
2021-12-25,0.05,0.08,0.15,-0.09999999999999999,-0.03
2021-12-26,0.05,0.08,0.15,-0.09999999999999999,-0.03
2021-12-27,0.05,0.08,0.15,-0.09999999999999999,-0.03
2021-12-28,0.05,0.08,0.15,-0.09999999999999999,-0.03
2021-12-29,0.05,0.08,0.15,-0.09999999999999999,-0.03
2021-12-30,0.05,0.08,0.15,-0.09999999999999999,-0.03
2021-12-31,0.05,0.07,0.15,-0.09999999999999999,-0.020000000000000004
2022-01-01,0.05,0.07,0.15,-0.09999999999999999,-0.020000000000000004
